cluster,BALANCE,BALANCE_FREQUENCY,PURCHASES,ONEOFF_PURCHASES,INSTALLMENTS_PURCHASES,CASH_ADVANCE,PURCHASES_FREQUENCY,ONEOFF_PURCHASES_FREQUENCY,PURCHASES_INSTALLMENTS_FREQUENCY,CASH_ADVANCE_FREQUENCY,CASH_ADVANCE_TRX,PURCHASES_TRX,CREDIT_LIMIT,PAYMENTS,MINIMUM_PAYMENTS,PRC_FULL_PAYMENT,TENURE
0,799.7506686574603,0.8350771648962249,505.53239418205595,253.12013074031705,252.73306095767285,330.8178849400229,0.4650715316228142,0.13233331606471646,0.34514497859127313,0.06825952721032849,1.20967478346135,8.653865010622651,3271.5106366821374,909.6770920820396,523.2132193431933,0.15574966922699787,11.47965353815983
1,2220.0032912963566,0.981477131174089,4268.520979757085,2717.8285425101217,1551.1782672064776,458.4211469481781,0.9490927668016194,0.6681655862348178,0.7445841805668016,0.06301372469635627,1.528744939271255,56.47206477732794,7733.967611336032,4151.27617171579,1220.5169167700406,0.29863150121457493,11.923076923076923
2,3989.1424194567667,0.9584032362155388,384.5282769423559,248.71813283208022,135.88763157894738,3866.210339684837,0.2322901873433584,0.11094248621553886,0.14424224310776942,0.44739260401002506,12.397869674185463,5.612155388471178,6675.441444520677,3019.1085696134087,1787.6162154937342,0.03377441979949875,11.347744360902256
